,airline_sentiment,tweet_coord
21,positive,"[40.74804263, -73.99295302]"
28,negative,"[42.361016, -71.02000488]"
29,neutral,"[33.94540417, -118.4062472]"
32,negative,"[33.94209449, -118.40410103]"
34,positive,"[33.2145038, -96.9321504]"
42,neutral,"[34.0219817, -118.38591198]"
62,neutral,"[33.57963333, -117.73024772]"
69,negative,"[40.6413712, -73.78311558]"
74,positive,"[36.08457854, -115.13780136]"
108,neutral,"[37.79374402, -122.39327564]"
115,negative,"[26.074379, -80.1416831]"
124,positive,"[33.9469039, -118.40716847]"
126,negative,"[51.04345575, -114.06071363]"
128,neutral,"[40.64662464, -73.77090177]"
147,positive,"[33.94652852, -118.40766257]"
189,positive,"[38.9128188, -77.00798226]"
205,positive,"[32.84359605, -96.84910929]"
211,negative,"[32.8437698, -96.84928399]"
249,negative,"[26.06726717, -80.14433663]"
264,positive,"[32.8454782, -96.8504585]"
285,neutral,"[39.24087254, -94.63994975]"
303,positive,"[37.77465018, -122.44032176]"
337,neutral,"[33.94696831, -118.40747994]"
409,negative,"[40.63767372, -74.11075451]"
473,neutral,"[40.78986648, -73.10068286]"
475,positive,"[42.5696777, -71.42056878]"
499,neutral,"[37.80065252, -122.43857414]"
503,neutral,"[36.08546367, -115.31814055]"
511,negative,"[19.43706642, -99.07927123]"
527,positive,"[39.8621249, -104.6740909]"
585,negative,"[52.59657643, -2.19877833]"
631,neutral,"[29.98386923, -95.33729612]"
632,negative,"[29.98340611, -95.33682231]"
633,negative,"[29.98350019, -95.33675519]"
634,negative,"[29.98377529, -95.33756559]"
636,negative,"[29.98350283, -95.33678993]"
637,negative,"[29.98384925, -95.3374653]"
638,negative,"[29.98372726, -95.33734532]"
672,negative,"[29.98521945, -90.25215941]"
673,negative,"[29.98698389, -90.25081767]"
674,negative,"[29.98699328, -90.25081691]"
676,negative,"[29.98878092, -90.25836915]"
677,negative,"[29.9880285, -90.25781369]"
684,negative,"[29.987463, -90.25860012]"
685,negative,"[29.98746669, -90.25862007]"
687,positive,"[35.8057062, -78.7869445]"
689,negative,"[52.48854137, -1.91022836]"
712,negative,"[45.58711296, -122.58038932]"
721,positive,"[59.38247253, 18.00789007]"
756,negative,"[32.86680572, -80.01338439]"
766,neutral,"[41.9785651, -87.90833965]"
768,neutral,"[53.36729431, -2.27861694]"
769,negative,"[41.98202331, -87.90374263]"
787,neutral,"[37.7994546, -122.427629]"
796,negative,"[41.97777091, -87.90782014]"
804,negative,"[41.88298649, -87.63403627]"
809,neutral,"[35.8056542, -78.786848]"
820,negative,"[33.9411179, -118.3972405]"
829,negative,"[41.98191311, -87.80888924]"
840,negative,"[39.85862444, -104.6768992]"
846,positive,"[38.9470418, -77.4511456]"
850,negative,"[41.97758714, -87.91388554]"
854,positive,"[38.9470207, -77.4511745]"
914,negative,"[40.68545235, -74.18374208]"
921,neutral,"[51.3228181, 5.3576138]"
936,negative,"[26.07324041, -80.14510971]"
943,negative,"[40.69943599, -74.17868875]"
946,negative,"[26.07694041, -80.13546475]"
952,negative,"[40.6992418, -74.17884798]"
969,negative,"[28.62111274, -81.29294408]"
976,negative,"[40.69814396, -74.17906717]"
977,negative,"[39.85790482, -104.67039013]"
979,negative,"[39.85799572, -104.67056217]"
1002,negative,"[51.72050559, 8.72711201]"
1018,negative,"[29.7420124, -95.5606921]"
1027,negative,"[40.6875448, -74.17714813]"
1039,negative,"[19.43493094, -99.18877967]"
1052,negative,"[29.7421541, -95.5600896]"
1063,negative,"[41.97745295, -87.91025951]"
1069,negative,"[41.97475934, -87.89040377]"
1071,positive,"[51.322819, 5.3576218]"
1072,negative,"[41.97474769, -87.89039148]"
1075,negative,"[41.97758466, -87.91065356]"
1085,negative,"[29.98788997, -95.34470061]"
1106,negative,"[45.52146907, -122.69810485]"
1117,negative,"[41.97495038, -87.89005988]"
1162,negative,"[29.98877308, -95.33846478]"
1238,negative,"[41.97883697, -87.90639116]"
1265,neutral,"[45.67920767, -111.04847652]"
1279,negative,"[41.97888728, -87.90617197]"
1293,negative,"[33.64323551, -84.44248239]"
1299,neutral,"[40.69450196, -74.1749219]"
1337,negative,"[39.24541389, -106.88172648]"
1343,positive,"[20.0615871, 110.18390431]"
1413,negative,"[39.84911904, -104.67447584]"
1418,negative,"[36.08161548, -115.14959772]"
1442,neutral,"[27.9746606, -82.5320172]"
1451,negative,"[45.67922537, -111.04823044]"
1455,negative,"[45.67922693, -111.04839797]"
1456,negative,"[45.67925887, -111.04844481]"
1457,negative,"[45.67912434, -111.04847959]"
1461,negative,"[29.98378319, -95.33473143]"
1468,neutral,"[-38.0271635, 145.2112317]"
1469,neutral,"[-38.0269936, 145.2110041]"
1511,negative,"[33.94077727, -118.39921036]"
1512,negative,"[29.9866693, -95.3382794]"
1590,negative,"[36.08655568, -115.1394417]"
1613,positive,"[41.92992293, -87.66944213]"
1626,positive,"[41.97890473, -87.91027352]"
1639,neutral,"[41.9763291, -87.73856403]"
1648,positive,"[51.3228191, 5.3576225]"
1660,negative,"[43.56768225, -116.22061173]"
1662,positive,"[38.95201335, -77.44443882]"
1670,positive,"[43.56764134, -116.22089932]"
1696,negative,"[39.8586527, -104.6718518]"
1707,negative,"[40.69672337, -74.17710665]"
1712,negative,"[47.4390828, -122.300713]"
1715,negative,"[47.4389994, -122.3010208]"
1728,negative,"[39.85861469, -104.67233425]"
1749,neutral,"[-37.8536992, 145.1106176]"
1758,negative,"[39.8586566, -104.6718497]"
1759,negative,"[39.8586593, -104.6718352]"
1768,negative,"[39.85873319, -104.67372668]"
1814,negative,"[37.83520596, -122.25460611]"
1825,negative,"[29.98704632, -95.3378275]"
1826,negative,"[29.98707518, -95.33783524]"
1833,negative,"[41.97862209, -87.91469774]"
1840,positive,"[41.97456785, -87.90563774]"
1855,positive,"[25.79104444, -80.27338351]"
1878,negative,"[39.99829207, -82.88085401]"
1886,negative,"[39.99814659, -82.88058383]"
1890,negative,"[38.94562938, -77.44400264]"
1934,neutral,"[29.98872603, -95.3384666]"
1936,negative,"[29.98870677, -95.33845443]"
1945,negative,"[40.6941088, -74.17545854]"
1971,negative,"[39.99806982, -82.88439575]"
2011,neutral,"[22.31355693, 113.92636768]"
2062,negative,"[37.61980156, -122.38447633]"
2063,negative,"[33.94171725, -118.39844033]"
2121,negative,"[34.99254864, -80.92841859]"
2123,positive,"[37.61829369, -122.39192247]"
2131,neutral,"[21.32911863, -157.91749165]"
2148,negative,"[38.95801195, -77.44365722]"
2154,negative,"[38.93770157, -77.4551004]"
2167,negative,"[37.61839686, -122.38751]"
2171,negative,"[37.61926072, -122.38812564]"
2215,negative,"[38.95638224, -77.43898845]"
2237,negative,"[35.07067492, -80.7899648]"
2250,negative,"[43.60417384, -110.7362561]"
2252,negative,"[39.85760174, -104.66669625]"
2259,positive,"[26.07294988, -80.14147128]"
2275,negative,"[35.00096266, -80.87374938]"
2277,negative,"[35.00595547, -80.89437239]"
2285,positive,"[19.43010575, -99.18988829]"
2310,negative,"[19.41622708, -99.16143525]"
2366,negative,"[37.61782989, -122.39172299]"
2367,negative,"[37.61761896, -122.39164663]"
2379,negative,"[40.72476892, -74.09204213]"
2380,negative,"[18.47066766, -68.40014139]"
2395,negative,"[38.94291482, -77.44870496]"
2409,neutral,"[31.27777976, 121.59340615]"
2416,negative,"[33.84438223, -116.5516582]"
2417,negative,"[33.84445776, -116.55139365]"
2428,negative,"[40.73074756, -73.95248962]"
2451,negative,"[33.89611413, -84.33113356]"
2464,negative,"[33.89638659, -84.33108377]"
2472,negative,"[25.08347991, -77.3225763]"
2480,neutral,"[42.3613256, -71.0167387]"
2503,positive,"[39.74529398, -104.99225976]"
2521,negative,"[18.47240961, -68.39941149]"
2523,negative,"[18.4729405, -68.39820768]"
2528,negative,"[18.47233225, -68.39941165]"
2534,neutral,"[18.4710809, -68.39995916]"
2535,negative,"[43.59688282, -72.96820686]"
2540,negative,"[29.81532281, -95.40830048]"
2549,positive,"[41.9413787, -87.8932425]"
2551,positive,"[41.9808176, -87.9063373]"
2552,positive,"[41.9809313, -87.9063148]"
2566,negative,"[33.99585652, -117.35791469]"
2576,positive,"[33.94238375, -118.39906416]"
2578,positive,"[41.86591706, -87.6231238]"
2584,negative,"[41.86590405, -87.62282728]"
2587,negative,"[41.86589387, -87.62303178]"
2592,negative,"[39.77848558, -104.90007634]"
2594,negative,"[39.77390684, -104.84537303]"
2599,negative,"[39.83426941, -104.69960636]"
2600,negative,"[39.83426941, -104.69960636]"
2601,negative,"[41.86591215, -87.6231126]"
2605,negative,"[39.84913886, -104.67403666]"
2619,negative,"[40.71857786, -73.99426076]"
2641,negative,"[29.98498519, -95.3338971]"
2662,negative,"[40.71518191, -73.99595593]"
2703,negative,"[38.26810946, -82.12153441]"
2716,positive,"[37.61476852, -122.40521688]"
2718,negative,"[29.98384194, -95.33664018]"
2735,neutral,"[40.64993239, -73.78249589]"
2757,positive,"[49.73717309, -96.67646776]"
2765,negative,"[29.98454639, -95.33856899]"
2778,negative,"[41.9653255, -87.87535719]"
2785,negative,"[37.78736562, -122.40865161]"
2819,positive,"[33.63992689, -84.44705534]"
2831,negative,"[33.64314381, -84.44252134]"
2855,negative,"[42.37525611, -71.24042938]"
2896,positive,"[43.68346133, -79.61394084]"
2900,positive,"[45.58977875, -122.59182952]"
2917,negative,"[28.34834331, -81.48581918]"
2919,neutral,"[25.07815796, 55.13798672]"
2925,negative,"[45.58986727, -122.59182577]"
2929,negative,"[37.6202411, -122.3883092]"
2936,neutral,"[25.0779704, 55.13808289]"
2942,negative,"[25.07772121, 55.13822432]"
2956,neutral,"[30.15481071, -95.43911291]"
2963,negative,"[25.0776918, 55.13824067]"
2995,positive,"[29.98445184, -95.33224657]"
3031,negative,"[37.62025528, -122.38832698]"
3046,negative,"[40.62387603, -74.30164717]"
3092,neutral,"[37.78194753, -122.43412918]"
3100,negative,"[37.62068265, -122.38816957]"
3109,positive,"[40.7868699, -111.9790833]"
3119,negative,"[40.69758992, -74.25047478]"
3125,neutral,"[40.7697595, -111.974937]"
3133,positive,"[33.82063563, -116.50768141]"
3141,negative,"[37.78508121, -122.41114577]"
3147,neutral,"[40.71288929, -74.16612474]"
3156,negative,"[40.68612449, -74.18465897]"
3165,negative,"[40.69522398, -74.1760931]"
3169,neutral,"[37.6205514, -122.3867929]"
3170,negative,"[40.69482181, -74.17458032]"
3172,negative,"[37.6209902, -122.3867265]"
3181,negative,"[37.6208766, -122.3867929]"
3185,negative,"[40.6867848, -74.18351089]"
3196,neutral,"[34.06143413, -118.39787418]"
3211,neutral,"[38.21327338, -85.76378195]"
3213,negative,"[38.94549594, -77.45193731]"
3218,positive,"[40.77395906, -73.8746932]"
3231,negative,"[37.63404103, -122.40313084]"
3249,negative,"[39.99869322, -82.88004055]"
3258,negative,"[37.99311597, -84.52114659]"
3260,negative,"[37.99311597, -84.52114659]"
3266,negative,"[39.99838284, -82.88068344]"
3303,negative,"[35.23908248, -120.64078264]"
3304,negative,"[35.23896405, -120.64046203]"
3340,positive,"[40.71517211, -74.01453422]"
3354,negative,"[37.61907, -122.38607]"
3370,negative,"[37.61821986, -122.38745399]"
3385,positive,"[35.8924655, -84.19243176]"
3415,neutral,"[34.06979432, -117.57757056]"
3508,neutral,"[13.71241507, 100.60468537]"
3519,negative,"[34.06978184, -117.57752166]"
3520,negative,"[34.06071437, -117.59814212]"
3542,neutral,"[1.3523078, 103.8637764]"
3562,negative,"[38.78438914, -104.72749614]"
3601,neutral,"[-33.87144962, 151.20821275]"
3603,negative,"[41.97826134, -87.91247425]"
3619,neutral,"[35.21498347, -80.96071981]"
3635,neutral,"[40.74389886, -74.12493599]"
3637,positive,"[29.98425706, -95.34407392]"
3652,negative,"[40.03395098, -105.24950187]"
3673,neutral,"[41.98084325, -87.90939435]"
3727,negative,"[33.5089001, -112.02901444]"
3733,negative,"[38.94494175, -77.45367931]"
3736,negative,"[41.98160558, -87.90496847]"
3802,negative,"[39.85823091, -104.67802376]"
3806,negative,"[29.97877958, -95.33246329]"
3816,neutral,"[37.62006843, -122.38822083]"
3832,negative,"[29.98605741, -90.25189405]"
3875,negative,"[33.75357228, -116.36206155]"
3904,negative,"[37.94357634, -121.69565906]"
3929,negative,"[33.75538818, -116.36197002]"
3938,negative,"[33.75536802, -116.36197857]"
3939,negative,"[40.79971517, -74.25960937]"
3944,negative,"[33.75539049, -116.36196163]"
3945,negative,"[37.62063433, -122.38946673]"
3949,negative,"[33.75539049, -116.36196163]"
3953,negative,"[27.98622757, -82.5414547]"
3956,negative,"[33.75348859, -116.36209633]"
3957,negative,"[33.75348859, -116.36209633]"
3959,positive,"[40.54989958, -111.90404484]"
3965,negative,"[36.08651969, -115.13942786]"
3966,negative,"[36.08652135, -115.13941959]"
3975,positive,"[34.01019938, -117.42860927]"
3976,negative,"[34.01352255, -117.44528297]"
3985,negative,"[41.9797415, -87.9099894]"
3997,negative,"[40.84018945, -73.93737649]"
4025,positive,"[38.88839871, -94.62041633]"
4029,neutral,"[42.04836196, -87.74130154]"
4031,negative,"[40.69428253, -74.17219198]"
4032,negative,"[40.69429232, -74.17208436]"
4082,negative,"[37.61833841, -122.38389799]"
4084,negative,"[37.61859126, -122.38385699]"
4119,negative,"[45.58931882, -122.5959928]"
4139,neutral,"[39.85861725, -104.67232956]"
4171,neutral,"[39.85861339, -104.67232131]"
4206,negative,"[26.37852293, -81.78472152]"
4208,positive,"[39.85871934, -104.67371484]"
4220,negative,"[40.70773298, -74.17069948]"
4225,negative,"[40.70749747, -74.17084113]"
4287,positive,"[40.35805521, -111.78241283]"
4300,negative,"[37.62006843, -122.38822083]"
4313,neutral,"[30.09009009, -95.64621813]"
4319,negative,"[38.9058375, -77.00423674]"
4332,negative,"[41.19758614, -73.76914167]"
4333,negative,"[41.1974934, -73.76920486]"
4341,positive,"[41.19747574, -73.76926201]"
4363,negative,"[41.78546237, -87.7430551]"
4365,negative,"[42.88502249, -85.52894527]"
4420,negative,"[38.30097379, -122.30180037]"
4445,negative,"[35.84808282, -78.66572751]"
4477,positive,"[42.3667769, -71.0170733]"
4482,negative,"[39.87778809, -75.23663363]"
4555,neutral,"[39.64617884, -94.31618144]"
4560,positive,"[37.6177248, -122.3913514]"
4564,negative,"[37.6170841, -122.3877223]"
4593,neutral,"[41.52066893, -81.21118788]"
4629,positive,"[39.50503682, -119.77382751]"
4630,negative,"[32.73154946, -117.19636508]"
4683,negative,"[42.3427148, -71.5504243]"
4684,negative,"[32.7156489, -117.1556388]"
4695,positive,"[33.43403712, -111.99678364]"
4716,negative,"[33.64079948, -84.4358346]"
4729,positive,"[32.85744983, -97.03548311]"
4787,positive,"[34.00646846, -118.48131246]"
4806,positive,"[40.76352814, -111.89191896]"
4826,negative,"[41.79410567, -87.74243312]"
4891,positive,"[33.51750182, -101.90914558]"
4901,positive,"[29.65283375, -95.275749]"
4910,neutral,"[40.91509493, -81.4367726]"
4916,negative,"[32.73284288, -117.19634507]"
4920,negative,"[40.91497406, -81.43686526]"
4924,positive,"[42.58417604, -83.1064707]"
4934,neutral,"[42.58399752, -83.10630667]"
4935,neutral,"[39.87875827, -75.23722854]"
4970,negative,"[30.27027027, -97.74064527]"
4974,positive,"[33.4338494, -111.9963312]"
4976,negative,"[33.00605781, -96.76519155]"
4977,negative,"[41.72810364, -71.43406677]"
4980,positive,"[34.7300769, -92.219814]"
4992,neutral,"[41.77838296, -87.7409109]"
4993,negative,"[38.84884095, -77.04207298]"
5022,positive,"[40.72845228, -80.08224442]"
5035,negative,"[36.12665696, -86.66953068]"
5058,negative,"[41.65451582, -70.61064187]"
5061,negative,"[39.87638268, -75.23929034]"
5093,negative,"[39.73217408, -105.0050626]"
5112,negative,"[39.1848041, -76.6787131]"
5113,neutral,"[28.44752379, -81.46716587]"
5117,negative,"[39.1780768, -76.670155]"
5127,negative,"[39.1766101, -76.6700606]"
5128,negative,"[39.1766101, -76.6700606]"
5129,negative,"[39.1765188, -76.6696894]"
5131,neutral,"[39.1766716, -76.6694354]"
5132,negative,"[42.19881665, -83.3859395]"
5133,negative,"[39.1766628, -76.6694238]"
5148,negative,"[39.1766573, -76.669424]"
5160,negative,"[28.43278708, -81.46990923]"
5193,negative,"[36.15093569, -115.27959887]"
5196,negative,"[39.17692138, -76.66929304]"
5210,negative,"[39.1799072, -76.6704455]"
5214,neutral,"[39.1798687, -76.6707032]"
5219,negative,"[39.1799094, -76.6709767]"
5280,neutral,"[29.6526846, -95.2787367]"
5289,negative,"[26.52778866, -81.75533052]"
5305,positive,"[38.90385896, -76.51625101]"
5333,neutral,"[30.26196639, -97.75945775]"
5373,negative,"[41.81477378, -80.93644744]"
5374,positive,"[33.6839241, -117.8607358]"
5468,positive,"[30.30630631, -97.71394697]"
5485,positive,"[40.77512287, -73.86982237]"
5496,negative,"[41.30091858, -95.89873244]"
5497,negative,"[41.30204773, -95.9002533]"
5532,neutral,"[35.12084166, -89.84738331]"
5548,negative,"[35.9807446, -115.0846183]"
5565,neutral,"[40.2376266, -74.9171435]"
5571,positive,"[41.78959656, -87.74028015]"
5587,positive,"[38.73434659, -90.35501265]"
5612,negative,"[40.731704, -73.1724805]"
5616,negative,"[41.93001697, -72.68496357]"
5629,negative,"[41.93015938, -72.68522399]"
5636,negative,"[33.93454129, -118.40270098]"
5675,negative,"[42.313473, -87.83530047]"
5688,negative,"[33.1973379, -96.7573509]"
5695,neutral,"[26.08232307, -80.16234879]"
5712,positive,"[33.67698231, -117.8647932]"
5713,negative,"[33.18882771, -96.64036423]"
5741,negative,"[40.774588, -73.8708903]"
5753,negative,"[37.78915629, -122.4148408]"
5761,negative,"[36.08029523, -115.1466466]"
5762,neutral,"[35.0557688, -78.9702049]"
5763,negative,"[32.8405223, -96.8149248]"
5775,neutral,"[32.80223908, -117.2312804]"
5796,negative,"[39.29345234, -94.71996208]"
5819,positive,"[36.0931536, -86.6973554]"
5822,negative,"[36.1293776, -86.6699252]"
5848,negative,"[30.20650347, -97.74889927]"
5881,positive,"[34.0658388, -117.5711653]"
5883,neutral,"[39.28859449, -76.61832385]"
5893,neutral,"[41.24222981, -77.02647239]"
5904,neutral,"[30.20654541, -97.74890436]"
5911,negative,"[29.98473682, -90.25978334]"
5924,negative,"[39.29372784, -94.71998281]"
5948,negative,"[39.86311565, -104.67610845]"
5972,positive,"[33.05776114, -96.78169517]"
6046,positive,"[28.43585235, -81.30356273]"
6050,positive,"[32.96225554, -96.80070994]"
6082,negative,"[33.94729153, -118.40186744]"
6083,negative,"[33.94729537, -118.40196951]"
6089,negative,"[39.17709903, -76.67124539]"
6114,positive,"[36.898315, -76.204491]"
6123,positive,"[29.65275101, -95.27596615]"
6176,negative,"[35.8271843, -87.43714049]"
6183,neutral,"[27.9344812, -82.47401175]"
6192,neutral,"[44.8741191, -93.22830677]"
6218,positive,"[38.97681463, -76.50266928]"
6226,neutral,"[40.4871427, -112.011264]"
6237,positive,"[30.43823709, -97.76632883]"
6242,negative,"[36.22640559, -86.82373437]"
6252,negative,"[25.7661538, -80.2517994]"
6269,negative,"[38.34274662, -122.32611925]"
6345,neutral,"[41.28597403, -72.44456912]"
6363,negative,"[36.11159761, -86.7844525]"
6365,negative,"[40.71035967, -74.15721568]"
6399,positive,"[39.73167173, -86.3559619]"
6405,positive,"[36.14488928, -86.68739667]"
6419,negative,"[29.65350715, -95.26679505]"
6454,negative,"[33.42067535, -111.93155126]"
6477,neutral,"[36.14487986, -86.68740641]"
6482,negative,"[40.65954723, -74.16986421]"
6483,negative,"[40.65958823, -74.16987822]"
6484,negative,"[40.65951726, -74.16980326]"
6485,negative,"[40.65947097, -74.16982402]"
6487,negative,"[40.65957477, -74.17018971]"
6488,positive,"[30.0554953, -95.1659332]"
6499,positive,"[36.0212589, -86.5447783]"
6536,negative,"[38.73693556, -90.35367062]"
6543,positive,"[38.98057249, -76.73463232]"
6545,positive,"[35.99558298, -78.89974547]"
6689,negative,"[41.79493709, -71.48004413]"
6718,negative,"[30.35571967, -87.27675562]"
6721,neutral,"[38.56979708, -75.1096009]"
6739,neutral,"[21.05483165, -86.78164351]"
6809,neutral,"[40.70326657, -74.01106458]"
6817,positive,"[34.02763089, -118.49627894]"
6819,neutral,"[34.02761838, -118.49646336]"
6821,positive,"[34.02764112, -118.49636416]"
6852,negative,"[42.3658858, -71.01423374]"
6866,neutral,"[33.8191302, -118.1455457]"
6873,neutral,"[42.36005288, -71.06315559]"
6918,neutral,"[40.76262466, -73.73946148]"
6920,negative,"[40.76262285, -73.7394313]"
6930,positive,"[41.21681145, -73.12508256]"
7010,negative,"[51.54381448, -0.00116722]"
7048,negative,"[34.09548421, -81.20955847]"
7101,neutral,"[42.3427056, -71.5504108]"
7112,positive,"[33.78310211, -84.21250227]"
7133,positive,"[42.35829164, -71.06163025]"
7141,positive,"[26.37067479, -80.10215823]"
7176,positive,"[41.06865736, -73.70398273]"
7184,neutral,"[40.64579177, -73.77555571]"
7187,negative,"[41.06869526, -73.70402469]"
7203,neutral,"[40.6467516, -73.77465033]"
7204,negative,"[40.64646872, -73.77594979]"
7239,negative,"[26.0713458, -80.146874]"
7241,neutral,"[13.07761455, -59.60542973]"
7244,negative,"[13.07787514, -59.6049865]"
7252,positive,"[33.7008468, -118.0192094]"
7265,neutral,"[40.64682076, -73.7823236]"
7266,negative,"[40.64485766, -73.78737261]"
7273,negative,"[42.36494288, -71.01451482]"
7275,positive,"[40.89343356, -74.29961359]"
7277,negative,"[40.85036847, -74.42575912]"
7280,negative,"[40.775248, -74.48253909]"
7287,neutral,"[40.77844416, -73.87477197]"
7302,negative,"[40.64797296, -73.77939249]"
7308,negative,"[40.64602261, -73.7762935]"
7361,neutral,"[40.61883222, -74.015404]"
7364,negative,"[40.61884429, -74.0153922]"
7365,negative,"[40.61878764, -74.01544319]"
7367,negative,"[40.61886457, -74.01535789]"
7370,neutral,"[40.79874419, -73.82756667]"
7371,negative,"[40.6466862, -73.7769539]"
7416,negative,"[42.40805407, -88.62699707]"
7473,negative,"[40.7740308, -73.8674526]"
7482,positive,"[4.69840554, -74.14134323]"
7490,negative,"[32.73346632, -117.20410937]"
7495,negative,"[40.64646912, -73.79133606]"
7500,positive,"[38.6485933, -121.11740707]"
7502,negative,"[40.64646912, -73.79133606]"
7507,negative,"[40.64646912, -73.79133606]"
7541,positive,"[38.69255098, -121.58854512]"
7627,neutral,"[25.05152514, -77.46620117]"
7677,positive,"[34.546788, -87.012305]"
7679,negative,"[40.65275545, -73.79457024]"
7680,negative,"[40.64779984, -73.78283404]"
7742,neutral,"[42.36726898, -71.01512871]"
7750,negative,"[18.43615031, -66.00573829]"
7760,positive,"[40.67851205, -73.43465391]"
7791,positive,"[41.05811177, -73.53637216]"
7806,negative,"[40.64573089, -73.77655727]"
7863,positive,"[28.42301907, -81.29654204]"
7898,negative,"[40.64342444, -111.49392569]"
7899,negative,"[40.64339686, -111.49337274]"
7909,neutral,"[40.88529232, -73.856635]"
7911,negative,"[40.88539964, -73.85658056]"
7914,positive,"[40.7171667, -73.96415608]"
7918,neutral,"[40.71716644, -73.96426215]"
7939,neutral,"[43.3230125, -73.64314219]"
7946,neutral,"[33.8117407, -118.1628]"
7957,positive,"[26.07159064, -80.14770942]"
7967,negative,"[40.64530946, -73.77617682]"
7972,negative,"[40.64534568, -73.77609616]"
7973,negative,"[40.64531687, -73.77617765]"
7974,negative,"[40.64529157, -73.7761025]"
8029,neutral,"[37.40321679, -121.96988433]"
8093,neutral,"[38.91355311, -77.04169657]"
8158,positive,"[40.79248745, -111.98778056]"
8173,neutral,"[40.64638899, -73.78399051]"
8175,negative,"[40.64656067, -73.78334045]"
8176,negative,"[40.64656067, -73.78334045]"
8177,negative,"[40.64656067, -73.78334045]"
8178,negative,"[40.64656067, -73.78334045]"
8179,negative,"[40.64656067, -73.78334045]"
8198,positive,"[40.64661043, -73.776003]"
8199,negative,"[40.64719984, -73.77530956]"
8200,negative,"[40.64679403, -73.77516598]"
8201,neutral,"[40.64679903, -73.7734517]"
8204,negative,"[40.64374009, -73.77678134]"
8205,negative,"[40.64490372, -73.77508276]"
8308,positive,"[42.36834942, -71.0152744]"
8311,negative,"[42.36833796, -71.01525742]"
8334,negative,"[40.63817554, -73.95630614]"
8342,negative,"[38.87982914, -77.11608667]"
8416,negative,"[33.81346953, -117.91426571]"
8421,neutral,"[33.81391813, -117.92216895]"
8462,positive,"[40.64610291, -73.78666687]"
8476,negative,"[40.64527675, -73.7761654]"
8500,negative,"[40.64527481, -73.77615604]"
8501,negative,"[40.51809311, -74.48552378]"
8513,negative,"[40.51806327, -74.48518231]"
8517,neutral,"[40.51270596, -74.48509319]"
8518,negative,"[40.64518126, -73.77582926]"
8520,negative,"[40.51794328, -74.48516831]"
8524,negative,"[40.64520088, -73.77587636]"
8583,negative,"[40.77471899, -73.86957658]"
8584,neutral,"[46.14149629, -122.90609053]"
8585,negative,"[40.77460155, -73.86969694]"
8625,negative,"[41.71826065, -72.68689133]"
8660,positive,"[28.4261453, -81.2998841]"
8674,positive,"[18.22245647, -63.00369733]"
8676,positive,"[18.22245647, -63.00369733]"
8677,positive,"[18.22245747, -63.00369895]"
8723,negative,"[32.73130971, -117.20222555]"
8779,negative,"[18.44643543, -66.28345755]"
8793,negative,"[18.4465457, -66.28316651]"
8797,negative,"[32.99815682, -117.17405196]"
8825,negative,"[42.36604659, -71.01573889]"
8846,neutral,"[40.64784472, -73.77710687]"
8863,negative,"[40.64656067, -73.78334045]"
8872,neutral,"[46.16798631, -122.96616783]"
8873,neutral,"[46.16788404, -122.96673513]"
8940,positive,"[40.78521842, -74.07232899]"
8962,positive,"[32.07301184, -81.09362691]"
8973,negative,"[35.21979387, -80.94498281]"
8985,positive,"[33.43720156, -111.99928786]"
9040,negative,"[40.6954621, -74.1733106]"
9185,negative,"[29.99135326, -95.52122091]"
9234,negative,"[29.99653598, -95.53874781]"
9244,positive,"[35.22177192, -80.92309308]"
9379,neutral,"[38.95804042, -77.26190063]"
9398,neutral,"[39.87010428, -75.2507858]"
9431,negative,"[42.2822248, -71.0378408]"
9440,negative,"[33.43588637, -111.99965664]"
9441,negative,"[33.43824974, -111.99987573]"
9511,negative,"[33.43790009, -111.99746652]"
9519,negative,"[35.21843964, -80.94253029]"
9536,negative,"[39.8805621, -75.23893393]"
9566,negative,"[39.88116058, -75.24031037]"
9580,negative,"[39.88024969, -75.2363937]"
9596,neutral,"[33.6424884, -84.4325976]"
9600,negative,"[21.15194085, -86.82443877]"
9612,negative,"[40.49569523, -80.24513477]"
9616,negative,"[36.11203645, -115.17712729]"
9698,negative,"[33.80598632, -118.36571615]"
9739,negative,"[38.86411798, -77.0231684]"
9747,negative,"[32.43487013, -80.64150369]"
9767,negative,"[33.54774386, -86.75224256]"
9774,negative,"[39.8749399, -75.2407937]"
9777,negative,"[39.8749366, -75.2407972]"
9846,negative,"[21.15192481, -86.82441431]"
9876,negative,"[39.8749922, -75.24017448]"
9877,negative,"[39.87455718, -75.24082121]"
9887,negative,"[42.36184505, -71.02219492]"
9893,negative,"[43.19825137, -70.87335749]"
9894,negative,"[43.19830037, -70.87348793]"
9895,negative,"[43.19824341, -70.8733423]"
9899,negative,"[43.19872113, -70.87307422]"
9913,negative,"[42.74561865, -73.80942844]"
9914,neutral,"[35.87642273, -78.79274566]"
9916,negative,"[35.87648539, -78.79266577]"
9920,neutral,"[33.50528024, -86.81047219]"
9984,negative,"[40.85214382, -73.28567395]"
9985,negative,"[39.98272482, -86.22502919]"
10042,negative,"[37.78831231, -122.41007318]"
10056,negative,"[35.22358885, -80.95061712]"
10058,negative,"[35.21905941, -80.9426995]"
10063,negative,"[40.04903686, -75.1035816]"
10124,negative,"[39.87309176, -75.24413798]"
10135,negative,"[38.92102632, -76.9969392]"
10165,negative,"[39.52438256, -74.70144898]"
10195,negative,"[36.24269903, -86.10760197]"
10235,negative,"[25.7789761, -80.1353923]"
10236,negative,"[25.7789509, -80.1353866]"
10240,negative,"[39.05365524, -84.65487604]"
10247,negative,"[39.25956567, -76.70131545]"
10288,negative,"[39.87631844, -75.24302471]"
10305,negative,"[43.74167873, -79.3442243]"
10352,negative,"[34.00912984, -84.37154603]"
10378,negative,"[39.87355987, -75.24730884]"
10392,negative,"[39.87414824, -75.25238981]"
10393,negative,"[39.87414053, -75.25236332]"
10409,negative,"[40.04893741, -75.10344598]"
10414,negative,"[39.87372068, -75.24732898]"
10422,negative,"[35.2190054, -80.9427282]"
10426,negative,"[35.2191669, -80.9435256]"
10432,negative,"[40.04915451, -75.10364317]"
10438,negative,"[41.49092099, -81.71644934]"
10439,negative,"[33.43629607, -111.99894068]"
10440,negative,"[41.49090693, -81.71627307]"
10450,positive,"[41.72221977, -71.44574004]"
10457,negative,"[41.46454996, -81.70961875]"
10462,negative,"[41.46460532, -81.70957793]"
10484,positive,"[39.94624391, -75.17915216]"
10492,negative,"[39.90000449, -75.20693516]"
10519,negative,"[35.2238122, -80.9435393]"
10555,negative,"[34.16721397, -118.3453091]"
10576,negative,"[38.85580899, -77.04174148]"
10588,negative,"[38.90321224, -76.99583548]"
10595,neutral,"[39.9692473, -75.1346431]"
10627,negative,"[38.18285051, -85.74225293]"
10668,neutral,"[42.201792, -88.3376974]"
10681,negative,"[42.2017895, -88.337723]"
10730,negative,"[35.22257093, -80.93941664]"
10824,negative,"[34.16721627, -118.34537339]"
10828,negative,"[40.77265898, -73.86525922]"
10971,negative,"[51.4713252, -0.4674035]"
10995,negative,"[35.2203248, -80.94508344]"
10998,negative,"[38.86402742, -77.04855865]"
11004,negative,"[38.86432211, -77.04913451]"
11029,negative,"[39.8816419, -75.2475867]"
11066,negative,"[39.8744048, -75.24235009]"
11112,negative,"[29.99562368, -90.24376862]"
11113,neutral,"[42.95012208, -87.90085158]"
11118,positive,"[42.95119138, -87.90117857]"
11121,negative,"[29.98442078, -90.25340271]"
11134,negative,"[29.99894707, -90.27229299]"
11141,negative,"[29.98730979, -90.25605983]"
11161,negative,"[40.74609464, -74.00636235]"
11211,positive,"[35.2204278, -80.94281752]"
11277,neutral,"[33.79727578, -117.85043081]"
11288,positive,"[35.22209167, -80.95237732]"
11296,negative,"[35.22476994, -80.93932077]"
11309,negative,"[35.22447828, -80.93940943]"
11323,negative,"[35.22604872, -80.93863381]"
11379,positive,"[35.22123472, -80.93287633]"
11384,positive,"[35.21820752, -80.94527061]"
11397,negative,"[35.210373, -80.9538682]"
11451,negative,"[41.15955496, -81.39767448]"
11454,negative,"[41.16013713, -81.39768211]"
11458,positive,"[41.16012493, -81.39760735]"
11472,negative,"[30.44405028, -84.23614305]"
11478,negative,"[30.44414315, -84.23627649]"
11540,negative,"[35.23185283, -80.96487203]"
11555,negative,"[43.0460116, -84.4795683]"
11556,negative,"[43.0460003, -84.4794566]"
11599,negative,"[35.22287836, -80.94056653]"
11618,negative,"[36.1036159, -115.16564]"
11623,negative,"[35.22363719, -80.94045544]"
11625,negative,"[35.22347122, -80.94043272]"
11673,positive,"[27.96879606, -82.55192621]"
11699,negative,"[25.8801693, -80.14141202]"
11737,negative,"[35.22032317, -80.94508353]"
11753,negative,"[38.8639627, -77.0436015]"
11761,negative,"[38.8687568, -77.035652]"
11784,positive,"[36.08576903, -115.14953095]"
11787,negative,"[40.6488643, -73.7944749]"
11789,negative,"[35.20346242, -80.92218024]"
11805,positive,"[36.08584875, -115.14968355]"
11888,negative,"[35.22643463, -80.93879965]"
11912,positive,"[37.78618135, -122.45742542]"
11936,neutral,"[32.82813261, -97.25115941]"
11956,negative,"[40.69017276, -73.91646118]"
11957,negative,"[40.68994668, -73.91637642]"
11958,negative,"[40.69002464, -73.91638072]"
11960,negative,"[40.68996177, -73.91640136]"
12026,negative,"[34.0213466, -118.45229268]"
12049,negative,"[35.22643463, -80.93879965]"
12073,positive,"[37.78618135, -122.45742542]"
12097,neutral,"[32.82813261, -97.25115941]"
12117,negative,"[40.69017276, -73.91646118]"
12118,negative,"[40.68994668, -73.91637642]"
12119,negative,"[40.69002464, -73.91638072]"
12121,negative,"[40.68996177, -73.91640136]"
12258,negative,"[32.8968169, -97.0618222]"
12260,neutral,"[28.02034806, -82.52234293]"
12269,negative,"[40.78476286, -73.97029561]"
12285,negative,"[27.97575376, -82.53714356]"
12293,positive,"[41.06938783, -73.73394372]"
12321,negative,"[27.97628758, -82.53727303]"
12326,negative,"[39.29951964, -94.71192112]"
12334,neutral,"[39.29381252, -94.71144036]"
12342,positive,"[33.8143379, -116.53572408]"
12356,negative,"[39.29275067, -94.70795218]"
12407,negative,"[42.18424338, -70.92464087]"
12421,negative,"[42.16481023, -70.88929237]"
12541,negative,"[30.32398902, -97.71081198]"
12543,neutral,"[32.91792297, -97.00367737]"
12545,negative,"[32.91792297, -97.00367737]"
12550,negative,"[32.91792297, -97.00367737]"
12561,negative,"[42.01578804, -87.68332344]"
12565,positive,"[32.89959729, -97.03558888]"
12581,negative,"[40.7786084, -73.94979947]"
12582,negative,"[41.98051682, -87.73798602]"
12607,negative,"[40.77382001, -73.87315003]"
12628,neutral,"[39.8893997, -75.219676]"
12632,positive,"[32.9176348, -97.0163282]"
12647,positive,"[41.99335821, -87.91260807]"
12699,negative,"[32.92215312, -96.97563515]"
12711,negative,"[47.6171292, -122.2803409]"
12718,negative,"[41.95627333, -87.87860345]"
12721,negative,"[41.45858699, -81.86780822]"
12730,negative,"[41.45856783, -81.86763782]"
12740,negative,"[41.45862827, -81.86766456]"
12754,negative,"[25.79667815, -80.28050395]"
12777,negative,"[41.45875201, -81.86775899]"
12779,negative,"[36.29164025, -94.11796975]"
12799,negative,"[35.87658269, -78.79254351]"
12801,negative,"[41.45847861, -81.86764536]"
12822,negative,"[41.97367122, -87.89700781]"
12836,negative,"[35.17267919, -89.77001941]"
12837,negative,"[35.17282894, -89.76988366]"
12839,negative,"[35.17266822, -89.76993377]"
12840,negative,"[35.1728241, -89.76989935]"
12841,negative,"[35.17263842, -89.769988]"
12845,negative,"[35.17279513, -89.76980671]"
12930,negative,"[41.97417744, -87.9004223]"
12960,positive,"[39.57991628, -105.94147157]"
12987,negative,"[31.93684422, -102.20753682]"
12989,negative,"[32.90431463, -97.03489789]"
13003,neutral,"[34.02153389, -118.45231518]"
13004,positive,"[33.66642719, -117.88328444]"
13048,negative,"[35.46005368, -80.68267946]"
13055,negative,"[32.90425138, -97.02805207]"
13082,negative,"[34.0213466, -118.45229268]"
13115,negative,"[40.68625909, -74.17970876]"
13129,negative,"[39.60778027, -105.95470209]"
13145,neutral,"[39.91337753, -75.3408263]"
13148,negative,"[34.02389944, -118.45541773]"
13155,negative,"[33.43417698, -111.99680158]"
13157,neutral,"[30.441566, -84.281745]"
13163,neutral,"[39.91370182, -75.3405344]"
13183,negative,"[34.09822952, -118.34307851]"
13184,positive,"[41.97629096, -87.89888444]"
13189,negative,"[52.51012486, -2.98098622]"
13192,negative,"[52.51012488, -2.98098624]"
13195,negative,"[28.35144756, -81.54358392]"
13196,negative,"[52.51012533, -2.98099904]"
13197,negative,"[32.78951797, -96.79891462]"
13202,negative,"[39.60813937, -105.9548521]"
13214,neutral,"[10.42269832, -75.54540857]"
13221,negative,"[34.10971017, -118.32188864]"
13261,negative,"[34.10909961, -118.32361693]"
13266,negative,"[52.51022081, -2.98091961]"
13301,negative,"[33.43064352, -112.04521474]"
13304,negative,"[37.93712278, -107.81800496]"
13343,negative,"[41.97326595, -87.90025691]"
13347,negative,"[37.77414482, -122.43628588]"
13355,negative,"[37.93644673, -107.81832713]"
13356,negative,"[37.93609081, -107.81826687]"
13368,negative,"[37.93885695, -107.82069276]"
13371,neutral,"[37.93882337, -107.82065521]"
13373,negative,"[37.93663309, -107.81820588]"
13403,negative,"[44.98157837, -93.23592187]"
13409,negative,"[33.9424707, -118.4066671]"
13416,negative,"[33.9424834, -118.4066885]"
13426,negative,"[33.9424824, -118.4066757]"
13430,negative,"[51.44284934, -0.13973305]"
13432,negative,"[35.09721018, -89.89624696]"
13436,negative,"[33.9424793, -118.4066936]"
13438,negative,"[32.79397552, -96.80477419]"
13452,negative,"[32.79401294, -96.80478711]"
13484,negative,"[51.44283789, -0.13974112]"
13493,negative,"[33.55192892, -112.07392397]"
13513,negative,"[42.205996, -83.35487329]"
13518,negative,"[47.62581201, -122.3501506]"
13527,negative,"[25.8058716, -80.1255332]"
13533,neutral,"[27.69523415, -97.34856142]"
13555,negative,"[27.69540747, -97.34836874]"
13557,negative,"[51.44275382, -0.13962939]"
13576,positive,"[40.62967208, -73.90433402]"
13580,neutral,"[25.79729334, -80.28082058]"
13696,negative,"[33.40901961, -111.90976239]"
13721,neutral,"[33.5333555, -112.1827159]"
13766,positive,"[35.2376587, -80.92256446]"
13781,negative,"[40.67072447, -73.97727422]"
13785,positive,"[24.55401318, -81.80300774]"
13790,positive,"[33.94207019, -118.39427775]"
13794,negative,"[30.0555099, -95.165959]"
13810,negative,"[43.6950263, -79.3457844]"
13814,negative,"[21.32879526, -157.91846558]"
13835,negative,"[25.7977857, -80.2809721]"
13847,neutral,"[30.2772503, -81.38732586]"
13848,negative,"[32.89840957, -97.04456259]"
13875,negative,"[32.89873575, -97.04452633]"
13884,positive,"[30.33730037, -97.74637026]"
13909,negative,"[39.85437802, -104.67127565]"
13937,negative,"[40.64859599, -73.79426922]"
13958,negative,"[25.79939784, -80.27038889]"
14011,neutral,"[35.23776431, -80.92233988]"
14012,negative,"[32.89772724, -97.03561645]"
14025,positive,"[41.9774863, -87.90414419]"
14027,negative,"[25.8058675, -80.1260541]"
14029,negative,"[25.8058666, -80.126062]"
14051,negative,"[25.8058656, -80.1260481]"
14055,negative,"[35.23770686, -80.92243302]"
14070,positive,"[33.93871373, -118.40746172]"
14110,negative,"[34.02109254, -118.50287086]"
14129,negative,"[35.20493157, -80.92540817]"
14153,negative,"[34.02148779, -118.50289643]"
14184,negative,"[40.64931132, -73.79263138]"
14202,negative,"[40.64935461, -73.79198785]"
14255,negative,"[35.2176668, -80.9426912]"
14288,negative,"[32.9272165, -97.0396313]"
14293,negative,"[38.83598483, -77.10864801]"
14337,negative,"[40.46694635, -82.64579149]"
14365,negative,"[40.65062011, -73.79171323]"
14374,positive,"[35.87912533, -78.79162128]"
14381,negative,"[40.64824535, -73.80141955]"
14388,negative,"[32.9760867, -96.53332214]"
14391,positive,"[25.79101279, -80.28861743]"
14417,negative,"[15.1659317, 120.5830548]"
14420,negative,"[38.85482856, -77.04128223]"
14447,negative,"[47.24879409, -122.43874458]"
14481,positive,"[40.6474324, -73.7936881]"
14483,negative,"[32.97609561, -96.53349238]"
14490,positive,"[40.68621427, -74.1793971]"
14511,positive,"[44.26313964, -69.78197616]"
14524,negative,"[40.80718573, -73.95477259]"
14525,negative,"[38.5369071, -106.9349375]"
14528,negative,"[38.538038, -106.9370467]"
14555,negative,"[33.64199395, -84.44238523]"
14561,negative,"[32.90771571, -97.04233322]"
14577,negative,"[33.93939612, -118.38973148]"
14596,negative,"[35.22534456, -106.57241352]"
14612,negative,"[40.46692522, -82.64567078]"
14624,negative,"[32.9070889, -97.03785947]"
14625,positive,"[40.64946781, -73.76624703]"
